Serial,Rake Num,Start Station,Start Time,End Station,End Time,Direction,service time,Category,Step Back Rake,Step Back Location
336,701,MKPD,05:40,PVGW DN,06:15,DN,35,inducting,No StepBack,No StepBack
872,702,VND,05:40,KKDA DN,06:08,DN,28,inducting,No StepBack,No StepBack
873,703,VND,05:40,PVGW UP,06:58,UP,78,inducting,No StepBack,No StepBack
874,709,IPE,05:45,PVGW UP,06:56,UP,71,inducting,No StepBack,No StepBack
875,711,SAKP,05:45,KKDA DN,06:59,DN,74,inducting,No StepBack,No StepBack
876,710,VND,05:48,KKDA DN,06:15,DN,27,inducting,No StepBack,No StepBack
877,706,MKPR,05:50,PVGW DN,06:03,DN,13,inducting,No StepBack,No StepBack
878,712,VND,05:55,KKDA DN,06:22,DN,27,inducting,No StepBack,No StepBack
879,713,VND,05:55,PVGW UP,07:13,UP,78,inducting,No StepBack,No StepBack
527,704,MUPR,06:00,MUPR,06:21,DN,21,inducting,No StepBack,No StepBack
880,705,DDSC,06:00,KKDA DN,06:52,DN,52,inducting,No StepBack,No StepBack
926,707,SVVR,06:00,MUPR,06:08,UP,8,inducting,No StepBack,No StepBack
927,708,MUPR,06:00,KKDA UP,06:18,UP,18,inducting,No StepBack,No StepBack
0,706,PVGW DN,06:03,KKDA DN,07:09,DN,66,continuing,No StepBack,No StepBack
881,718,VND,06:05,KKDA DN,06:32,DN,27,inducting,No StepBack,No StepBack
928,707,MUPR,06:08,KKDA UP,06:23,UP,15,inducting,No StepBack,No StepBack
693,702,KKDA DN,06:08,KKDA UP,06:48,DN,40,continuing,702,MUPR
337,719,MKPD,06:10,PVGW DN,06:45,DN,35,inducting,No StepBack,No StepBack
694,710,KKDA DN,06:15,KKDA UP,06:58,DN,43,continuing,712,MUPR
883,714,MKPR,06:15,PVGW DN,06:30,DN,15,inducting,No StepBack,No StepBack
1,701,PVGW DN,06:15,KKDA DN,07:22,DN,67,continuing,No StepBack,No StepBack
528,716,MUPR,06:15,MUPR,06:36,DN,21,inducting,No StepBack,No StepBack
882,715,NZM,06:15,KKDA DN,06:42,DN,27,inducting,No StepBack,No StepBack
2,708,KKDA UP,06:18,PVGW UP,07:25,UP,67,continuing,No StepBack,No StepBack
884,717,DDSC,06:20,PVGW UP,06:41,UP,21,inducting,No StepBack,No StepBack
929,704,MUPR,06:21,KKDA UP,06:36,UP,15,inducting,No StepBack,No StepBack
695,712,KKDA DN,06:22,KKDA UP,07:08,DN,46,continuing,718,MUPR
3,707,KKDA UP,06:23,PVGW UP,07:29,UP,66,continuing,No StepBack,No StepBack
338,720,MKPD,06:25,PVGW DN,07:00,DN,35,inducting,No StepBack,No StepBack
4,714,PVGW DN,06:30,KKDA DN,07:37,DN,67,continuing,No StepBack,No StepBack
529,710,MUPR,06:30,MUPR,06:46,DN,16,inducting,No StepBack,No StepBack
696,718,KKDA DN,06:32,KKDA UP,07:18,DN,46,continuing,715,MUPR
5,704,KKDA UP,06:36,PVGW UP,07:43,UP,67,continuing,No StepBack,No StepBack
530,716,MUPR,06:40,MUPR,06:56,DN,16,inducting,No StepBack,No StepBack
339,721,MKPD,06:40,PVGW DN,07:15,DN,35,inducting,No StepBack,No StepBack
340,717,PVGW UP,06:41,PVGW DN,07:22,UP,41,continuing,No StepBack,No StepBack
697,715,KKDA DN,06:42,KKDA UP,07:28,DN,46,continuing,705,MUPR
6,719,PVGW DN,06:45,KKDA DN,07:52,DN,67,continuing,No StepBack,No StepBack
7,702,KKDA UP,06:48,PVGW UP,07:54,UP,66,continuing,No StepBack,No StepBack
531,710,MUPR,06:50,MUPR,07:06,DN,16,inducting,No StepBack,No StepBack
698,705,KKDA DN,06:52,KKDA UP,07:37,DN,45,continuing,711,MUPR
885,722,VND,06:54,KKDA DN,07:21,DN,27,inducting,No StepBack,No StepBack
341,723,MKPD,06:55,PVGW DN,07:30,DN,35,inducting,No StepBack,No StepBack
342,709,PVGW UP,06:56,PVGW DN,07:36,UP,40,continuing,No StepBack,No StepBack
8,712,KKDA UP,06:58,PVGW UP,08:04,UP,66,continuing,No StepBack,No StepBack
343,703,PVGW UP,06:58,PVGW DN,07:43,UP,45,continuing,No StepBack,No StepBack
532,716,MUPR,06:59,MUPR,07:14,DN,15,inducting,No StepBack,No StepBack
699,711,KKDA DN,06:59,KKDA UP,07:45,DN,46,continuing,706,MUPR
9,720,PVGW DN,07:00,KKDA DN,08:07,DN,67,continuing,No StepBack,No StepBack
886,724,VND,07:05,KKDA DN,07:32,DN,27,inducting,No StepBack,No StepBack
533,710,MUPR,07:07,MUPR,07:22,DN,15,inducting,No StepBack,No StepBack
10,718,KKDA UP,07:08,PVGW UP,08:14,UP,66,continuing,No StepBack,No StepBack
700,706,KKDA DN,07:09,KKDA UP,07:52,DN,43,continuing,726,MUPR
344,713,PVGW UP,07:13,PVGW DN,07:49,UP,36,continuing,No StepBack,No StepBack
887,725,VND,07:14,KKDA DN,07:41,DN,27,inducting,No StepBack,No StepBack
534,716,MUPR,07:15,MUPR,07:30,DN,15,inducting,No StepBack,No StepBack
11,721,PVGW DN,07:15,KKDA DN,08:22,DN,67,continuing,No StepBack,No StepBack
12,715,KKDA UP,07:18,PVGW UP,08:24,UP,66,continuing,No StepBack,No StepBack
888,727,VND,07:19,KKDA DN,07:46,DN,27,inducting,No StepBack,No StepBack
701,722,KKDA DN,07:21,KKDA UP,07:59,DN,38,continuing,701,MUPR
345,728,MKPD,07:22,PVGW DN,07:55,DN,33,inducting,No StepBack,No StepBack
13,717,PVGW DN,07:22,KKDA DN,08:29,DN,67,continuing,No StepBack,No StepBack
702,701,KKDA DN,07:22,KKDA UP,08:04,DN,42,continuing,724,MUPR
535,710,MUPR,07:23,MUPR,07:38,DN,15,inducting,No StepBack,No StepBack
346,708,PVGW UP,07:25,PVGW DN,08:01,UP,36,continuing,No StepBack,No StepBack
14,705,KKDA UP,07:28,PVGW UP,08:34,UP,66,continuing,No StepBack,No StepBack
347,707,PVGW UP,07:29,PVGW DN,08:07,UP,38,continuing,No StepBack,No StepBack
15,723,PVGW DN,07:30,KKDA DN,08:37,DN,67,continuing,No StepBack,No StepBack
889,729,VND,07:30,KKDA DN,07:57,DN,27,inducting,No StepBack,No StepBack
536,716,MUPR,07:31,MUPR,07:47,DN,16,inducting,No StepBack,No StepBack
703,724,KKDA DN,07:32,KKDA UP,08:09,DN,37,continuing,714,MUPR
890,730,VND,07:35,KKDA DN,08:02,DN,27,inducting,No StepBack,No StepBack
16,709,PVGW DN,07:36,KKDA DN,08:38,DN,62,continuing,No StepBack,No StepBack
537,722,MUPR,07:37,MUPR,07:52,DN,15,inducting,No StepBack,No StepBack
704,714,KKDA DN,07:37,KKDA UP,08:14,DN,37,continuing,725,MUPR
17,711,KKDA UP,07:37,PVGW UP,08:39,UP,62,continuing,No StepBack,No StepBack
348,731,MKPD,07:40,PVGW DN,08:13,DN,33,inducting,No StepBack,No StepBack
705,725,KKDA DN,07:41,KKDA UP,08:19,DN,38,continuing,727,MUPR
538,710,MUPR,07:42,MUPR,07:58,DN,16,inducting,No StepBack,No StepBack
18,703,PVGW DN,07:43,KKDA DN,08:45,DN,62,continuing,No StepBack,No StepBack
349,704,PVGW UP,07:43,PVGW DN,08:18,UP,35,continuing,No StepBack,No StepBack
891,732,VND,07:45,KKDA DN,08:12,DN,27,inducting,No StepBack,No StepBack
19,706,KKDA UP,07:45,PVGW UP,08:47,UP,62,continuing,No StepBack,No StepBack
706,727,KKDA DN,07:46,KKDA UP,08:24,DN,38,continuing,719,MUPR
539,716,MUPR,07:48,MUPR,08:03,DN,15,inducting,No StepBack,No StepBack
20,713,PVGW DN,07:49,KKDA DN,08:51,DN,62,continuing,No StepBack,No StepBack
892,734,VND,07:50,KKDA DN,08:17,DN,27,inducting,No StepBack,No StepBack
350,733,MKPD,07:50,PVGW DN,08:23,DN,33,inducting,No StepBack,No StepBack
707,719,KKDA DN,07:52,KKDA UP,08:29,DN,37,continuing,729,MUPR
21,726,KKDA UP,07:52,PVGW UP,08:54,UP,62,continuing,No StepBack,No StepBack
540,722,MUPR,07:53,MUPR,08:09,DN,16,inducting,No StepBack,No StepBack
351,702,PVGW UP,07:54,PVGW DN,08:28,UP,34,continuing,No StepBack,No StepBack
22,728,PVGW DN,07:55,KKDA DN,08:57,DN,62,continuing,No StepBack,No StepBack
708,729,KKDA DN,07:57,KKDA UP,08:34,DN,37,continuing,730,MUPR
893,735,VND,07:59,KKDA DN,08:26,DN,27,inducting,No StepBack,No StepBack
541,710,MUPR,07:59,MUPR,08:14,DN,15,inducting,No StepBack,No StepBack
23,701,KKDA UP,07:59,PVGW UP,09:01,UP,62,continuing,No StepBack,No StepBack
352,736,MKPD,08:00,PVGW DN,08:33,DN,33,inducting,No StepBack,No StepBack
24,708,PVGW DN,08:01,KKDA DN,09:03,DN,62,continuing,No StepBack,No StepBack
709,730,KKDA DN,08:02,KKDA UP,08:39,DN,37,continuing,720,MUPR
542,716,MUPR,08:04,MUPR,08:20,DN,16,inducting,No StepBack,No StepBack
353,712,PVGW UP,08:04,PVGW DN,08:38,UP,34,continuing,No StepBack,No StepBack
25,724,KKDA UP,08:04,PVGW UP,09:06,UP,62,continuing,No StepBack,No StepBack
710,720,KKDA DN,08:07,KKDA UP,08:44,DN,37,continuing,732,MUPR
26,707,PVGW DN,08:07,KKDA DN,09:09,DN,62,continuing,No StepBack,No StepBack
27,714,KKDA UP,08:09,PVGW UP,09:11,UP,62,continuing,No StepBack,No StepBack
543,722,MUPR,08:10,MUPR,08:25,DN,15,inducting,No StepBack,No StepBack
354,737,MKPD,08:10,PVGW DN,08:43,DN,33,inducting,No StepBack,No StepBack
711,732,KKDA DN,08:12,KKDA UP,08:49,DN,37,continuing,734,MUPR
28,731,PVGW DN,08:13,KKDA DN,09:15,DN,62,continuing,No StepBack,No StepBack
29,725,KKDA UP,08:14,PVGW UP,09:16,UP,62,continuing,No StepBack,No StepBack
355,718,PVGW UP,08:14,PVGW DN,08:48,UP,34,continuing,No StepBack,No StepBack
544,710,MUPR,08:15,MUPR,08:31,DN,16,inducting,No StepBack,No StepBack
712,734,KKDA DN,08:17,KKDA UP,08:54,DN,37,continuing,721,MUPR
30,704,PVGW DN,08:18,KKDA DN,09:20,DN,62,continuing,No StepBack,No StepBack
31,727,KKDA UP,08:19,PVGW UP,09:21,UP,62,continuing,No StepBack,No StepBack
356,738,MKPD,08:20,PVGW DN,08:53,DN,33,inducting,No StepBack,No StepBack
545,716,MUPR,08:21,MUPR,08:36,DN,15,inducting,No StepBack,No StepBack
713,721,KKDA DN,08:22,KKDA UP,08:59,DN,37,continuing,735,MUPR
32,733,PVGW DN,08:23,KKDA DN,09:25,DN,62,continuing,No StepBack,No StepBack
357,715,PVGW UP,08:24,PVGW DN,08:58,UP,34,continuing,No StepBack,No StepBack
33,719,KKDA UP,08:24,PVGW UP,09:26,UP,62,continuing,No StepBack,No StepBack
546,722,MUPR,08:26,MUPR,08:42,DN,16,inducting,No StepBack,No StepBack
714,735,KKDA DN,08:26,KKDA UP,09:04,DN,38,continuing,717,MUPR
34,702,PVGW DN,08:28,KKDA DN,09:30,DN,62,continuing,No StepBack,No StepBack
715,717,KKDA DN,08:29,KKDA UP,09:09,DN,40,continuing,723,MUPR
35,729,KKDA UP,08:29,PVGW UP,09:31,UP,62,continuing,No StepBack,No StepBack
358,739,MKPD,08:30,PVGW DN,09:03,DN,33,inducting,No StepBack,No StepBack
547,710,MUPR,08:32,MUPR,08:47,DN,15,inducting,No StepBack,No StepBack
36,736,PVGW DN,08:33,KKDA DN,09:35,DN,62,continuing,No StepBack,No StepBack
37,730,KKDA UP,08:34,PVGW UP,09:36,UP,62,continuing,No StepBack,No StepBack
359,705,PVGW UP,08:34,PVGW DN,09:07,UP,33,continuing,No StepBack,No StepBack
548,716,MUPR,08:37,MUPR,08:53,DN,16,inducting,No StepBack,No StepBack
716,723,KKDA DN,08:37,KKDA UP,09:14,DN,37,continuing,709,MUPR
717,709,KKDA DN,08:38,KKDA UP,09:19,DN,41,continuing,703,MUPR
38,712,PVGW DN,08:38,KKDA DN,09:40,DN,62,continuing,No StepBack,No StepBack
360,711,PVGW UP,08:39,PVGW DN,09:11,UP,32,continuing,No StepBack,No StepBack
39,720,KKDA UP,08:39,PVGW UP,09:41,UP,62,continuing,No StepBack,No StepBack
361,740,MKPD,08:42,PVGW DN,09:15,DN,33,inducting,No StepBack,No StepBack
549,722,MUPR,08:43,MUPR,08:58,DN,15,inducting,No StepBack,No StepBack
40,737,PVGW DN,08:43,KKDA DN,09:45,DN,62,continuing,No StepBack,No StepBack
41,732,KKDA UP,08:44,PVGW UP,09:46,UP,62,continuing,No StepBack,No StepBack
718,703,KKDA DN,08:45,KKDA UP,09:24,DN,39,continuing,713,MUPR
362,706,PVGW UP,08:47,PVGW DN,09:19,UP,32,continuing,No StepBack,No StepBack
550,710,MUPR,08:48,MUPR,09:04,DN,16,inducting,No StepBack,No StepBack
42,718,PVGW DN,08:48,KKDA DN,09:50,DN,62,continuing,No StepBack,No StepBack
43,734,KKDA UP,08:49,PVGW UP,09:51,UP,62,continuing,No StepBack,No StepBack
363,741,MKPD,08:50,PVGW DN,09:23,DN,33,inducting,No StepBack,No StepBack
719,713,KKDA DN,08:51,KKDA UP,09:29,DN,38,continuing,728,MUPR
44,738,PVGW DN,08:53,KKDA DN,09:55,DN,62,continuing,No StepBack,No StepBack
364,726,PVGW UP,08:54,PVGW DN,09:27,UP,33,continuing,No StepBack,No StepBack
551,716,MUPR,08:54,MUPR,09:09,DN,15,inducting,No StepBack,No StepBack
45,721,KKDA UP,08:54,PVGW UP,09:56,UP,62,continuing,No StepBack,No StepBack
720,728,KKDA DN,08:57,KKDA UP,09:34,DN,37,continuing,708,MUPR
46,715,PVGW DN,08:58,KKDA DN,10:00,DN,62,continuing,No StepBack,No StepBack
365,742,MKPD,08:58,PVGW DN,09:31,DN,33,inducting,No StepBack,No StepBack
47,735,KKDA UP,08:59,PVGW UP,10:01,UP,62,continuing,No StepBack,No StepBack
552,722,MUPR,08:59,MUPR,09:15,DN,16,inducting,No StepBack,No StepBack
366,701,PVGW UP,09:01,PVGW DN,09:35,UP,34,continuing,No StepBack,No StepBack
48,739,PVGW DN,09:03,KKDA DN,10:05,DN,62,continuing,No StepBack,No StepBack
721,708,KKDA DN,09:03,KKDA UP,09:39,DN,36,continuing,707,MUPR
49,717,KKDA UP,09:04,PVGW UP,10:06,UP,62,continuing,No StepBack,No StepBack
553,710,MUPR,09:05,MUPR,09:20,DN,15,inducting,No StepBack,No StepBack
367,724,PVGW UP,09:06,PVGW DN,09:39,UP,33,continuing,No StepBack,No StepBack
50,705,PVGW DN,09:07,KKDA DN,10:09,DN,62,continuing,No StepBack,No StepBack
722,707,KKDA DN,09:09,KKDA UP,09:45,DN,36,continuing,731,MUPR
51,723,KKDA UP,09:09,PVGW UP,10:11,UP,62,continuing,No StepBack,No StepBack
554,716,MUPR,09:10,MUPR,09:26,DN,16,inducting,No StepBack,No StepBack
368,714,PVGW UP,09:11,PVGW DN,09:43,UP,32,continuing,No StepBack,No StepBack
52,711,PVGW DN,09:11,KKDA DN,10:13,DN,62,continuing,No StepBack,No StepBack
53,709,KKDA UP,09:14,PVGW UP,10:16,UP,62,continuing,No StepBack,No StepBack
54,740,PVGW DN,09:15,KKDA DN,10:17,DN,62,continuing,No StepBack,No StepBack
723,731,KKDA DN,09:15,KKDA UP,09:50,DN,35,continuing,704,MUPR
369,725,PVGW UP,09:16,PVGW DN,09:48,UP,32,continuing,No StepBack,No StepBack
555,722,MUPR,09:16,MUPR,09:31,DN,15,inducting,No StepBack,No StepBack
56,703,KKDA UP,09:19,PVGW UP,10:21,UP,62,continuing,No StepBack,No StepBack
55,706,PVGW DN,09:19,KKDA DN,10:21,DN,62,continuing,No StepBack,No StepBack
724,704,KKDA DN,09:20,KKDA UP,09:55,DN,35,continuing,733,MUPR
556,710,MUPR,09:21,MUPR,09:37,DN,16,inducting,No StepBack,No StepBack
370,727,PVGW UP,09:21,PVGW DN,09:53,UP,32,continuing,No StepBack,No StepBack
57,741,PVGW DN,09:23,KKDA DN,10:25,DN,62,continuing,No StepBack,No StepBack
58,713,KKDA UP,09:24,PVGW UP,10:26,UP,62,continuing,No StepBack,No StepBack
725,733,KKDA DN,09:25,KKDA UP,10:00,DN,35,continuing,702,MUPR
371,719,PVGW UP,09:26,PVGW DN,09:58,UP,32,continuing,No StepBack,No StepBack
557,716,MUPR,09:27,MUPR,09:42,DN,15,inducting,No StepBack,No StepBack
59,726,PVGW DN,09:27,KKDA DN,10:29,DN,62,continuing,No StepBack,No StepBack
60,728,KKDA UP,09:29,PVGW UP,10:31,UP,62,continuing,No StepBack,No StepBack
726,702,KKDA DN,09:30,KKDA UP,10:05,DN,35,continuing,736,MUPR
61,742,PVGW DN,09:31,KKDA DN,10:33,DN,62,continuing,No StepBack,No StepBack
372,729,PVGW UP,09:31,PVGW DN,10:03,UP,32,continuing,No StepBack,No StepBack
558,722,MUPR,09:32,MUPR,09:48,DN,16,inducting,No StepBack,No StepBack
62,708,KKDA UP,09:34,PVGW UP,10:36,UP,62,continuing,No StepBack,No StepBack
63,701,PVGW DN,09:35,KKDA DN,10:37,DN,62,continuing,No StepBack,No StepBack
727,736,KKDA DN,09:35,KKDA UP,10:10,DN,35,continuing,712,MUPR
373,730,PVGW UP,09:36,PVGW DN,10:08,UP,32,continuing,No StepBack,No StepBack
559,710,MUPR,09:38,MUPR,09:53,DN,15,inducting,No StepBack,No StepBack
64,724,PVGW DN,09:39,KKDA DN,10:41,DN,62,continuing,No StepBack,No StepBack
65,707,KKDA UP,09:39,PVGW UP,10:41,UP,62,continuing,No StepBack,No StepBack
728,712,KKDA DN,09:40,KKDA UP,10:15,DN,35,continuing,737,MUPR
374,720,PVGW UP,09:41,PVGW DN,10:13,UP,32,continuing,No StepBack,No StepBack
66,714,PVGW DN,09:43,KKDA DN,10:45,DN,62,continuing,No StepBack,No StepBack
560,716,MUPR,09:43,MUPR,09:59,DN,16,inducting,No StepBack,No StepBack
729,737,KKDA DN,09:45,KKDA UP,10:20,DN,35,continuing,718,MUPR
67,731,KKDA UP,09:45,PVGW UP,10:47,UP,62,continuing,No StepBack,No StepBack
375,732,PVGW UP,09:46,PVGW DN,10:18,UP,32,continuing,No StepBack,No StepBack
68,725,PVGW DN,09:48,KKDA DN,10:50,DN,62,continuing,No StepBack,No StepBack
561,722,MUPR,09:49,MUPR,10:04,DN,15,inducting,No StepBack,No StepBack
69,704,KKDA UP,09:50,PVGW UP,10:52,UP,62,continuing,No StepBack,No StepBack
730,718,KKDA DN,09:50,KKDA UP,10:25,DN,35,continuing,738,MUPR
376,734,PVGW UP,09:51,PVGW DN,10:23,UP,32,continuing,No StepBack,No StepBack
70,727,PVGW DN,09:53,KKDA DN,10:55,DN,62,continuing,No StepBack,No StepBack
562,710,MUPR,09:54,MUPR,10:10,DN,16,inducting,No StepBack,No StepBack
731,738,KKDA DN,09:55,KKDA UP,10:30,DN,35,continuing,715,MUPR
71,733,KKDA UP,09:55,PVGW UP,10:57,UP,62,continuing,No StepBack,No StepBack
377,721,PVGW UP,09:56,PVGW DN,10:28,UP,32,continuing,No StepBack,No StepBack
72,719,PVGW DN,09:58,KKDA DN,11:00,DN,62,continuing,No StepBack,No StepBack
73,702,KKDA UP,10:00,PVGW UP,11:02,UP,62,continuing,No StepBack,No StepBack
732,715,KKDA DN,10:00,KKDA UP,10:35,DN,35,continuing,739,MUPR
563,716,MUPR,10:00,MUPR,10:15,DN,15,inducting,No StepBack,No StepBack
378,735,PVGW UP,10:01,PVGW DN,10:33,UP,32,continuing,No StepBack,No StepBack
74,729,PVGW DN,10:03,KKDA DN,11:05,DN,62,continuing,No StepBack,No StepBack
733,739,KKDA DN,10:05,KKDA UP,10:40,DN,35,continuing,705,MUPR
564,722,MUPR,10:05,MUPR,10:21,DN,16,inducting,No StepBack,No StepBack
75,736,KKDA UP,10:05,PVGW UP,11:07,UP,62,continuing,No StepBack,No StepBack
379,717,PVGW UP,10:06,PVGW DN,10:38,UP,32,continuing,No StepBack,No StepBack
76,730,PVGW DN,10:08,KKDA DN,11:10,DN,62,continuing,No StepBack,No StepBack
734,705,KKDA DN,10:09,KKDA UP,10:45,DN,36,continuing,711,MUPR
77,712,KKDA UP,10:10,PVGW UP,11:12,UP,62,continuing,No StepBack,No StepBack
565,710,MUPR,10:11,MUPR,10:26,DN,15,inducting,No StepBack,No StepBack
380,723,PVGW UP,10:11,PVGW DN,10:43,UP,32,continuing,No StepBack,No StepBack
735,711,KKDA DN,10:13,KKDA UP,10:49,DN,36,continuing,740,MUPR
78,720,PVGW DN,10:13,KKDA DN,11:15,DN,62,continuing,No StepBack,No StepBack
79,737,KKDA UP,10:15,PVGW UP,11:17,UP,62,continuing,No StepBack,No StepBack
381,709,PVGW UP,10:16,PVGW DN,10:48,UP,32,continuing,No StepBack,No StepBack
566,716,MUPR,10:16,MUPR,10:32,DN,16,inducting,No StepBack,No StepBack
736,740,KKDA DN,10:17,KKDA UP,10:53,DN,36,continuing,706,MUPR
80,732,PVGW DN,10:18,KKDA DN,11:20,DN,62,continuing,No StepBack,No StepBack
81,718,KKDA UP,10:20,PVGW UP,11:22,UP,62,continuing,No StepBack,No StepBack
382,703,PVGW UP,10:21,PVGW DN,10:53,UP,32,continuing,No StepBack,No StepBack
737,706,KKDA DN,10:21,KKDA UP,10:58,DN,37,continuing,741,MUPR
567,722,MUPR,10:22,MUPR,10:37,DN,15,inducting,No StepBack,No StepBack
82,734,PVGW DN,10:23,KKDA DN,11:25,DN,62,continuing,No StepBack,No StepBack
738,741,KKDA DN,10:25,KKDA UP,11:01,DN,36,continuing,726,MUPR
83,738,KKDA UP,10:25,PVGW UP,11:27,UP,62,continuing,No StepBack,No StepBack
383,713,PVGW UP,10:26,PVGW DN,10:58,UP,32,continuing,No StepBack,No StepBack
568,710,MUPR,10:27,MUPR,10:43,DN,16,inducting,No StepBack,No StepBack
84,721,PVGW DN,10:28,KKDA DN,11:30,DN,62,continuing,No StepBack,No StepBack
739,726,KKDA DN,10:29,KKDA UP,11:04,DN,35,continuing,742,MUPR
85,715,KKDA UP,10:30,PVGW UP,11:32,UP,62,continuing,No StepBack,No StepBack
384,728,PVGW UP,10:31,PVGW DN,11:03,UP,32,continuing,No StepBack,No StepBack
86,735,PVGW DN,10:33,KKDA DN,11:35,DN,62,continuing,No StepBack,No StepBack
740,742,KKDA DN,10:33,KKDA UP,11:09,DN,36,continuing,701,MUPR
569,716,MUPR,10:33,MUPR,10:48,DN,15,inducting,No StepBack,No StepBack
87,739,KKDA UP,10:35,PVGW UP,11:37,UP,62,continuing,No StepBack,No StepBack
385,708,PVGW UP,10:36,PVGW DN,11:08,UP,32,continuing,No StepBack,No StepBack
741,701,KKDA DN,10:37,KKDA UP,11:14,DN,37,continuing,724,MUPR
88,717,PVGW DN,10:38,KKDA DN,11:40,DN,62,continuing,No StepBack,No StepBack
570,722,MUPR,10:38,MUPR,10:54,DN,16,inducting,No StepBack,No StepBack
89,705,KKDA UP,10:40,PVGW UP,11:42,UP,62,continuing,No StepBack,No StepBack
742,724,KKDA DN,10:41,KKDA UP,11:20,DN,39,continuing,714,MUPR
386,707,PVGW UP,10:41,PVGW DN,11:13,UP,32,continuing,No StepBack,No StepBack
90,723,PVGW DN,10:43,KKDA DN,11:45,DN,62,continuing,No StepBack,No StepBack
571,710,MUPR,10:44,MUPR,10:59,DN,15,inducting,No StepBack,No StepBack
91,711,KKDA UP,10:45,PVGW UP,11:47,UP,62,continuing,No StepBack,No StepBack
743,714,KKDA DN,10:45,KKDA UP,11:23,DN,38,continuing,725,MUPR
387,731,PVGW UP,10:47,PVGW DN,11:20,UP,33,continuing,No StepBack,No StepBack
92,709,PVGW DN,10:48,KKDA DN,11:50,DN,62,continuing,No StepBack,No StepBack
572,716,MUPR,10:49,MUPR,11:05,DN,16,inducting,No StepBack,No StepBack
93,740,KKDA UP,10:49,PVGW UP,11:51,UP,62,continuing,No StepBack,No StepBack
744,725,KKDA DN,10:50,KKDA UP,11:26,DN,36,continuing,727,MUPR
388,704,PVGW UP,10:52,PVGW DN,11:26,UP,34,continuing,No StepBack,No StepBack
95,703,PVGW DN,10:53,KKDA DN,11:55,DN,62,continuing,No StepBack,No StepBack
94,706,KKDA UP,10:53,PVGW UP,11:55,UP,62,continuing,No StepBack,No StepBack
745,727,KKDA DN,10:55,KKDA UP,11:32,DN,37,continuing,719,MUPR
573,722,MUPR,10:55,MUPR,11:10,DN,15,inducting,No StepBack,No StepBack
389,733,PVGW UP,10:57,PVGW DN,11:32,UP,35,continuing,No StepBack,No StepBack
97,741,KKDA UP,10:58,PVGW UP,12:00,UP,62,continuing,No StepBack,No StepBack
96,713,PVGW DN,10:58,KKDA DN,12:00,DN,62,continuing,No StepBack,No StepBack
746,719,KKDA DN,11:00,KKDA UP,11:39,DN,39,continuing,729,MUPR
574,710,MUPR,11:00,MUPR,11:18,DN,18,inducting,No StepBack,No StepBack
98,726,KKDA UP,11:01,PVGW UP,12:03,UP,62,continuing,No StepBack,No StepBack
390,702,PVGW UP,11:02,PVGW DN,11:38,UP,36,continuing,No StepBack,No StepBack
99,728,PVGW DN,11:03,KKDA DN,12:05,DN,62,continuing,No StepBack,No StepBack
100,742,KKDA UP,11:04,PVGW UP,12:06,UP,62,continuing,No StepBack,No StepBack
747,729,KKDA DN,11:05,KKDA UP,11:44,DN,39,continuing,730,MUPR
391,736,PVGW UP,11:07,PVGW DN,11:41,UP,34,continuing,No StepBack,No StepBack
575,716,MUPR,11:07,MUPR,11:24,DN,17,inducting,No StepBack,No StepBack
101,708,PVGW DN,11:08,KKDA DN,12:10,DN,62,continuing,No StepBack,No StepBack
102,701,KKDA UP,11:09,PVGW UP,12:11,UP,62,continuing,No StepBack,No StepBack
748,730,KKDA DN,11:10,KKDA UP,11:49,DN,39,continuing,720,MUPR
392,712,PVGW UP,11:12,PVGW DN,11:47,UP,35,continuing,No StepBack,No StepBack
103,707,PVGW DN,11:13,KKDA DN,12:15,DN,62,continuing,No StepBack,No StepBack
576,722,MUPR,11:13,MUPR,11:31,DN,18,inducting,No StepBack,No StepBack
104,724,KKDA UP,11:14,PVGW UP,12:16,UP,62,continuing,No StepBack,No StepBack
749,720,KKDA DN,11:15,KKDA UP,11:51,DN,36,continuing,732,MUPR
393,737,PVGW UP,11:17,PVGW DN,11:53,UP,36,continuing,No StepBack,No StepBack
577,710,MUPR,11:19,MUPR,11:37,DN,18,inducting,No StepBack,No StepBack
106,714,KKDA UP,11:20,PVGW UP,12:25,UP,65,continuing,No StepBack,No StepBack
750,732,KKDA DN,11:20,KKDA UP,11:56,DN,36,continuing,734,MUPR
105,731,PVGW DN,11:20,KKDA DN,12:22,DN,62,continuing,No StepBack,No StepBack
394,718,PVGW UP,11:22,PVGW DN,11:59,UP,37,continuing,No StepBack,No StepBack
894,725,KKDA UP,11:23,IPE,11:30,UP,7,stabling,No StepBack,No StepBack
751,734,KKDA DN,11:25,KKDA UP,12:02,DN,37,continuing,721,MUPR
578,716,MUPR,11:26,MUPR,11:43,DN,17,inducting,No StepBack,No StepBack
108,727,KKDA UP,11:26,PVGW UP,12:32,UP,66,continuing,No StepBack,No StepBack
107,704,PVGW DN,11:26,KKDA DN,12:28,DN,62,continuing,No StepBack,No StepBack
395,738,PVGW UP,11:27,PVGW DN,12:05,UP,38,continuing,No StepBack,No StepBack
752,721,KKDA DN,11:30,KKDA UP,12:08,DN,38,continuing,735,MUPR
895,725,IPE,11:30,VND,11:50,UP,20,inducting,No StepBack,No StepBack
109,733,PVGW DN,11:32,KKDA DN,12:34,DN,62,continuing,No StepBack,No StepBack
396,715,PVGW UP,11:32,PVGW DN,12:11,UP,39,continuing,No StepBack,No StepBack
110,719,KKDA UP,11:32,PVGW UP,12:38,UP,66,continuing,No StepBack,No StepBack
579,722,MUPR,11:32,MUPR,11:50,DN,18,inducting,No StepBack,No StepBack
753,735,KKDA DN,11:35,KKDA UP,12:14,DN,39,continuing,717,MUPR
397,739,PVGW UP,11:37,MKPD,12:10,UP,33,stabling,No StepBack,No StepBack
111,702,PVGW DN,11:38,KKDA DN,12:40,DN,62,continuing,No StepBack,No StepBack
580,710,MUPR,11:38,MUPR,11:56,DN,18,inducting,No StepBack,No StepBack
112,729,KKDA UP,11:39,PVGW UP,12:44,UP,65,continuing,No StepBack,No StepBack
754,717,KKDA DN,11:40,KKDA UP,12:20,DN,40,continuing,723,MUPR
113,736,PVGW DN,11:41,KKDA DN,12:48,DN,67,continuing,No StepBack,No StepBack
398,705,PVGW UP,11:42,PVGW DN,12:18,UP,36,continuing,No StepBack,No StepBack
114,730,KKDA UP,11:44,PVGW UP,12:50,UP,66,continuing,No StepBack,No StepBack
581,716,MUPR,11:45,MUPR,12:02,DN,17,inducting,No StepBack,No StepBack
755,723,KKDA DN,11:45,KKDA UP,12:22,DN,37,continuing,709,MUPR
115,712,PVGW DN,11:47,KKDA DN,12:54,DN,67,continuing,No StepBack,No StepBack
399,711,PVGW UP,11:47,MKPD,12:20,UP,33,stabling,No StepBack,No StepBack
116,720,KKDA UP,11:49,PVGW UP,12:55,UP,66,continuing,No StepBack,No StepBack
756,709,KKDA DN,11:50,KKDA UP,12:26,DN,36,continuing,703,MUPR
582,722,MUPR,11:51,MUPR,12:09,DN,18,inducting,No StepBack,No StepBack
896,732,KKDA UP,11:51,IPE,11:59,UP,8,stabling,No StepBack,No StepBack
400,740,PVGW UP,11:51,PVGW DN,12:24,UP,33,continuing,No StepBack,No StepBack
117,737,PVGW DN,11:53,KKDA DN,13:00,DN,67,continuing,No StepBack,No StepBack
401,706,PVGW UP,11:55,PVGW DN,12:30,UP,35,continuing,No StepBack,No StepBack
757,703,KKDA DN,11:55,KKDA UP,12:31,DN,36,continuing,713,MUPR
118,734,KKDA UP,11:56,PVGW UP,13:02,UP,66,continuing,No StepBack,No StepBack
583,710,MUPR,11:57,MUPR,12:15,DN,18,inducting,No StepBack,No StepBack
897,732,IPE,11:59,VND,12:19,UP,20,inducting,No StepBack,No StepBack
119,718,PVGW DN,11:59,KKDA DN,13:06,DN,67,continuing,No StepBack,No StepBack
402,741,PVGW UP,12:00,MKPD,12:33,UP,33,stabling,No StepBack,No StepBack
758,713,KKDA DN,12:00,KKDA UP,12:38,DN,38,continuing,728,MUPR
120,721,KKDA UP,12:02,PVGW UP,13:08,UP,66,continuing,No StepBack,No StepBack
403,726,PVGW UP,12:03,PVGW DN,12:36,UP,33,continuing,No StepBack,No StepBack
584,716,MUPR,12:04,MUPR,12:21,DN,17,inducting,No StepBack,No StepBack
759,728,KKDA DN,12:05,KKDA UP,12:44,DN,39,continuing,708,MUPR
121,738,PVGW DN,12:05,KKDA DN,13:12,DN,67,continuing,No StepBack,No StepBack
404,742,PVGW UP,12:06,PVGW DN,12:42,UP,36,continuing,No StepBack,No StepBack
122,735,KKDA UP,12:08,PVGW UP,13:14,UP,66,continuing,No StepBack,No StepBack
760,708,KKDA DN,12:10,KKDA UP,12:50,DN,40,continuing,707,MUPR
585,722,MUPR,12:10,MUPR,12:28,DN,18,inducting,No StepBack,No StepBack
123,715,PVGW DN,12:11,KKDA DN,13:19,DN,68,continuing,No StepBack,No StepBack
405,701,PVGW UP,12:11,PVGW DN,12:48,UP,37,continuing,No StepBack,No StepBack
124,717,KKDA UP,12:14,PVGW UP,13:20,UP,66,continuing,No StepBack,No StepBack
761,707,KKDA DN,12:15,KKDA UP,12:56,DN,41,continuing,731,MUPR
406,724,PVGW UP,12:16,PVGW DN,12:55,UP,39,continuing,No StepBack,No StepBack
586,710,MUPR,12:16,MUPR,12:34,DN,18,inducting,No StepBack,No StepBack
125,705,PVGW DN,12:18,KKDA DN,13:25,DN,67,continuing,No StepBack,No StepBack
126,723,KKDA UP,12:20,PVGW UP,13:26,UP,66,continuing,No StepBack,No StepBack
762,731,KKDA DN,12:22,KKDA UP,13:02,DN,40,continuing,704,MUPR
898,709,KKDA UP,12:22,IPE,12:30,UP,8,stabling,No StepBack,No StepBack
587,716,MUPR,12:23,MUPR,12:40,DN,17,inducting,No StepBack,No StepBack
127,740,PVGW DN,12:24,KKDA DN,13:31,DN,67,continuing,No StepBack,No StepBack
407,714,PVGW UP,12:25,PVGW DN,13:01,UP,36,continuing,No StepBack,No StepBack
128,703,KKDA UP,12:26,PVGW UP,13:32,UP,66,continuing,No StepBack,No StepBack
763,704,KKDA DN,12:28,KKDA UP,13:08,DN,40,continuing,733,MUPR
588,722,MUPR,12:29,MUPR,12:47,DN,18,inducting,No StepBack,No StepBack
899,709,IPE,12:30,VND,12:50,UP,20,inducting,No StepBack,No StepBack
129,706,PVGW DN,12:30,KKDA DN,13:37,DN,67,continuing,No StepBack,No StepBack
130,713,KKDA UP,12:31,PVGW UP,13:37,UP,66,continuing,No StepBack,No StepBack
408,727,PVGW UP,12:32,PVGW DN,13:07,UP,35,continuing,No StepBack,No StepBack
764,733,KKDA DN,12:34,KKDA UP,13:15,DN,41,continuing,702,MUPR
589,710,MUPR,12:35,MUPR,12:53,DN,18,inducting,No StepBack,No StepBack
131,726,PVGW DN,12:36,KKDA DN,13:43,DN,67,continuing,No StepBack,No StepBack
409,719,PVGW UP,12:38,PVGW DN,13:13,UP,35,continuing,No StepBack,No StepBack
132,728,KKDA UP,12:38,PVGW UP,13:43,UP,65,continuing,No StepBack,No StepBack
765,702,KKDA DN,12:40,KKDA UP,13:21,DN,41,continuing,736,MUPR
133,742,PVGW DN,12:42,KKDA DN,13:49,DN,67,continuing,No StepBack,No StepBack
590,716,MUPR,12:42,MUPR,12:59,DN,17,inducting,No StepBack,No StepBack
134,708,KKDA UP,12:44,PVGW UP,13:50,UP,66,continuing,No StepBack,No StepBack
410,729,PVGW UP,12:44,PVGW DN,13:19,UP,35,continuing,No StepBack,No StepBack
766,736,KKDA DN,12:48,KKDA UP,13:27,DN,39,continuing,712,MUPR
135,701,PVGW DN,12:48,KKDA DN,13:56,DN,68,continuing,No StepBack,No StepBack
591,722,MUPR,12:48,MUPR,13:06,DN,18,inducting,No StepBack,No StepBack
411,730,PVGW UP,12:50,PVGW DN,13:25,UP,35,continuing,No StepBack,No StepBack
136,707,KKDA UP,12:50,PVGW UP,13:56,UP,66,continuing,No StepBack,No StepBack
592,710,MUPR,12:54,MUPR,13:12,DN,18,inducting,No StepBack,No StepBack
767,712,KKDA DN,12:54,KKDA UP,13:33,DN,39,continuing,737,MUPR
412,720,PVGW UP,12:55,PVGW DN,13:32,UP,37,continuing,No StepBack,No StepBack
137,724,PVGW DN,12:55,KKDA DN,14:02,DN,67,continuing,No StepBack,No StepBack
138,731,KKDA UP,12:56,PVGW UP,14:02,UP,66,continuing,No StepBack,No StepBack
768,737,KKDA DN,13:00,KKDA UP,13:39,DN,39,continuing,718,MUPR
139,714,PVGW DN,13:01,KKDA DN,14:08,DN,67,continuing,No StepBack,No StepBack
593,716,MUPR,13:01,MUPR,13:18,DN,17,inducting,No StepBack,No StepBack
413,734,PVGW UP,13:02,PVGW DN,13:38,UP,36,continuing,No StepBack,No StepBack
140,704,KKDA UP,13:02,PVGW UP,14:08,UP,66,continuing,No StepBack,No StepBack
769,718,KKDA DN,13:06,KKDA UP,13:45,DN,39,continuing,738,MUPR
141,727,PVGW DN,13:07,KKDA DN,14:14,DN,67,continuing,No StepBack,No StepBack
594,722,MUPR,13:07,MUPR,13:25,DN,18,inducting,No StepBack,No StepBack
142,733,KKDA UP,13:08,PVGW UP,14:14,UP,66,continuing,No StepBack,No StepBack
414,721,PVGW UP,13:08,PVGW DN,13:44,UP,36,continuing,No StepBack,No StepBack
770,738,KKDA DN,13:12,KKDA UP,13:52,DN,40,continuing,715,MUPR
143,719,PVGW DN,13:13,KKDA DN,14:20,DN,67,continuing,No StepBack,No StepBack
595,710,MUPR,13:13,MUPR,13:31,DN,18,inducting,No StepBack,No StepBack
415,735,PVGW UP,13:14,PVGW DN,13:50,UP,36,continuing,No StepBack,No StepBack
144,702,KKDA UP,13:15,PVGW UP,14:20,UP,65,continuing,No StepBack,No StepBack
145,729,PVGW DN,13:19,KKDA DN,14:26,DN,67,continuing,No StepBack,No StepBack
771,715,KKDA DN,13:19,KKDA UP,13:58,DN,39,continuing,705,MUPR
596,716,MUPR,13:20,MUPR,13:37,DN,17,inducting,No StepBack,No StepBack
416,717,PVGW UP,13:20,PVGW DN,13:56,UP,36,continuing,No StepBack,No StepBack
146,736,KKDA UP,13:21,PVGW UP,14:27,UP,66,continuing,No StepBack,No StepBack
772,705,KKDA DN,13:25,KKDA UP,14:04,DN,39,continuing,740,MUPR
147,730,PVGW DN,13:25,KKDA DN,14:33,DN,68,continuing,No StepBack,No StepBack
417,723,PVGW UP,13:26,PVGW DN,14:02,UP,36,continuing,No StepBack,No StepBack
597,722,MUPR,13:26,MUPR,13:44,DN,18,inducting,No StepBack,No StepBack
148,712,KKDA UP,13:27,PVGW UP,14:33,UP,66,continuing,No StepBack,No StepBack
773,740,KKDA DN,13:31,KKDA UP,14:10,DN,39,continuing,706,MUPR
418,703,PVGW UP,13:32,PVGW DN,14:09,UP,37,continuing,No StepBack,No StepBack
598,710,MUPR,13:32,MUPR,13:50,DN,18,inducting,No StepBack,No StepBack
149,720,PVGW DN,13:32,KKDA DN,14:39,DN,67,continuing,No StepBack,No StepBack
150,737,KKDA UP,13:33,PVGW UP,14:39,UP,66,continuing,No StepBack,No StepBack
419,713,PVGW UP,13:37,PVGW DN,14:15,UP,38,continuing,No StepBack,No StepBack
774,706,KKDA DN,13:37,KKDA UP,14:16,DN,39,continuing,726,MUPR
151,734,PVGW DN,13:38,KKDA DN,14:45,DN,67,continuing,No StepBack,No StepBack
152,718,KKDA UP,13:39,PVGW UP,14:45,UP,66,continuing,No StepBack,No StepBack
599,716,MUPR,13:39,MUPR,13:56,DN,17,inducting,No StepBack,No StepBack
775,726,KKDA DN,13:43,KKDA UP,14:22,DN,39,continuing,742,MUPR
420,728,PVGW UP,13:43,PVGW DN,14:21,UP,38,continuing,No StepBack,No StepBack
153,721,PVGW DN,13:44,KKDA DN,14:51,DN,67,continuing,No StepBack,No StepBack
154,738,KKDA UP,13:45,PVGW UP,14:51,UP,66,continuing,No StepBack,No StepBack
600,722,MUPR,13:45,MUPR,14:03,DN,18,inducting,No StepBack,No StepBack
776,742,KKDA DN,13:49,KKDA UP,14:29,DN,40,continuing,701,MUPR
421,708,PVGW UP,13:50,PVGW DN,14:27,UP,37,continuing,No StepBack,No StepBack
155,735,PVGW DN,13:50,KKDA DN,14:57,DN,67,continuing,No StepBack,No StepBack
601,710,MUPR,13:51,MUPR,14:09,DN,18,inducting,No StepBack,No StepBack
156,715,KKDA UP,13:52,PVGW UP,14:57,UP,65,continuing,No StepBack,No StepBack
157,717,PVGW DN,13:56,KKDA DN,15:03,DN,67,continuing,No StepBack,No StepBack
777,701,KKDA DN,13:56,KKDA UP,14:35,DN,39,continuing,724,MUPR
422,707,PVGW UP,13:56,PVGW DN,14:33,UP,37,continuing,No StepBack,No StepBack
602,716,MUPR,13:58,MUPR,14:15,DN,17,inducting,No StepBack,No StepBack
158,705,KKDA UP,13:58,PVGW UP,15:04,UP,66,continuing,No StepBack,No StepBack
423,731,PVGW UP,14:02,PVGW DN,14:39,UP,37,continuing,No StepBack,No StepBack
778,724,KKDA DN,14:02,KKDA UP,14:41,DN,39,continuing,714,MUPR
159,723,PVGW DN,14:02,KKDA DN,15:10,DN,68,continuing,No StepBack,No StepBack
603,722,MUPR,14:04,MUPR,14:22,DN,18,inducting,No StepBack,No StepBack
160,740,KKDA UP,14:04,PVGW UP,15:10,UP,66,continuing,No StepBack,No StepBack
424,704,PVGW UP,14:08,PVGW DN,14:46,UP,38,continuing,No StepBack,No StepBack
779,714,KKDA DN,14:08,KKDA UP,14:47,DN,39,continuing,727,MUPR
161,703,PVGW DN,14:09,KKDA DN,15:16,DN,67,continuing,No StepBack,No StepBack
162,706,KKDA UP,14:10,PVGW UP,15:16,UP,66,continuing,No StepBack,No StepBack
604,710,MUPR,14:10,MUPR,14:28,DN,18,inducting,No StepBack,No StepBack
780,727,KKDA DN,14:14,KKDA UP,14:53,DN,39,continuing,719,MUPR
425,733,PVGW UP,14:14,PVGW DN,14:52,UP,38,continuing,No StepBack,No StepBack
163,713,PVGW DN,14:15,KKDA DN,15:22,DN,67,continuing,No StepBack,No StepBack
164,726,KKDA UP,14:16,PVGW UP,15:22,UP,66,continuing,No StepBack,No StepBack
605,716,MUPR,14:17,MUPR,14:34,DN,17,inducting,No StepBack,No StepBack
781,719,KKDA DN,14:20,KKDA UP,14:59,DN,39,continuing,729,MUPR
426,702,PVGW UP,14:20,PVGW DN,14:58,UP,38,continuing,No StepBack,No StepBack
165,728,PVGW DN,14:21,KKDA DN,15:28,DN,67,continuing,No StepBack,No StepBack
166,742,KKDA UP,14:22,PVGW UP,15:28,UP,66,continuing,No StepBack,No StepBack
606,722,MUPR,14:23,MUPR,14:41,DN,18,inducting,No StepBack,No StepBack
782,729,KKDA DN,14:26,KKDA UP,15:06,DN,40,continuing,730,MUPR
427,736,PVGW UP,14:27,PVGW DN,15:04,UP,37,continuing,No StepBack,No StepBack
167,708,PVGW DN,14:27,KKDA DN,15:34,DN,67,continuing,No StepBack,No StepBack
168,701,KKDA UP,14:29,PVGW UP,15:34,UP,65,continuing,No StepBack,No StepBack
607,710,MUPR,14:29,MUPR,14:47,DN,18,inducting,No StepBack,No StepBack
428,712,PVGW UP,14:33,PVGW DN,15:10,UP,37,continuing,No StepBack,No StepBack
169,707,PVGW DN,14:33,KKDA DN,15:40,DN,67,continuing,No StepBack,No StepBack
783,730,KKDA DN,14:33,KKDA UP,15:12,DN,39,continuing,720,MUPR
170,724,KKDA UP,14:35,PVGW UP,15:41,UP,66,continuing,No StepBack,No StepBack
608,716,MUPR,14:36,MUPR,14:53,DN,17,inducting,No StepBack,No StepBack
784,720,KKDA DN,14:39,KKDA UP,15:18,DN,39,continuing,734,MUPR
171,731,PVGW DN,14:39,KKDA DN,15:47,DN,68,continuing,No StepBack,No StepBack
429,737,PVGW UP,14:39,PVGW DN,15:16,UP,37,continuing,No StepBack,No StepBack
172,714,KKDA UP,14:41,PVGW UP,15:47,UP,66,continuing,No StepBack,No StepBack
609,722,MUPR,14:42,MUPR,15:00,DN,18,inducting,No StepBack,No StepBack
430,718,PVGW UP,14:45,PVGW DN,15:23,UP,38,continuing,No StepBack,No StepBack
785,734,KKDA DN,14:45,KKDA UP,15:24,DN,39,continuing,721,MUPR
173,704,PVGW DN,14:46,KKDA DN,15:53,DN,67,continuing,No StepBack,No StepBack
174,727,KKDA UP,14:47,PVGW UP,15:53,UP,66,continuing,No StepBack,No StepBack
610,710,MUPR,14:48,MUPR,15:06,DN,18,inducting,No StepBack,No StepBack
431,738,PVGW UP,14:51,PVGW DN,15:30,UP,39,continuing,No StepBack,No StepBack
786,721,KKDA DN,14:51,KKDA UP,15:30,DN,39,continuing,735,MUPR
175,733,PVGW DN,14:52,KKDA DN,15:59,DN,67,continuing,No StepBack,No StepBack
176,719,KKDA UP,14:53,PVGW UP,15:59,UP,66,continuing,No StepBack,No StepBack
611,716,MUPR,14:55,MUPR,15:12,DN,17,inducting,No StepBack,No StepBack
432,715,PVGW UP,14:57,PVGW DN,15:37,UP,40,continuing,No StepBack,No StepBack
787,735,KKDA DN,14:57,KKDA UP,15:36,DN,39,continuing,717,MUPR
177,702,PVGW DN,14:58,KKDA DN,16:05,DN,67,continuing,No StepBack,No StepBack
178,729,KKDA UP,14:59,PVGW UP,16:05,UP,66,continuing,No StepBack,No StepBack
612,722,MUPR,15:01,MUPR,15:19,DN,18,inducting,No StepBack,No StepBack
788,717,KKDA DN,15:03,KKDA UP,15:43,DN,40,continuing,723,MUPR
179,736,PVGW DN,15:04,KKDA DN,16:11,DN,67,continuing,No StepBack,No StepBack
433,705,PVGW UP,15:04,PVGW DN,15:43,UP,39,continuing,No StepBack,No StepBack
180,730,KKDA UP,15:06,PVGW UP,16:11,UP,65,continuing,No StepBack,No StepBack
613,710,MUPR,15:07,MUPR,15:25,DN,18,inducting,No StepBack,No StepBack
789,723,KKDA DN,15:10,KKDA UP,15:50,DN,40,continuing,703,MUPR
181,712,PVGW DN,15:10,KKDA DN,16:17,DN,67,continuing,No StepBack,No StepBack
434,740,PVGW UP,15:10,PVGW DN,15:49,UP,39,continuing,No StepBack,No StepBack
182,720,KKDA UP,15:12,PVGW UP,16:18,UP,66,continuing,No StepBack,No StepBack
614,716,MUPR,15:14,MUPR,15:31,DN,17,inducting,No StepBack,No StepBack
790,703,KKDA DN,15:16,KKDA UP,15:56,DN,40,continuing,713,MUPR
183,737,PVGW DN,15:16,KKDA DN,16:18,DN,62,continuing,No StepBack,No StepBack
435,706,PVGW UP,15:16,PVGW DN,15:55,UP,39,continuing,No StepBack,No StepBack
184,734,KKDA UP,15:18,PVGW UP,16:24,UP,66,continuing,No StepBack,No StepBack
615,722,MUPR,15:20,MUPR,15:38,DN,18,inducting,No StepBack,No StepBack
436,726,PVGW UP,15:22,PVGW DN,16:01,UP,39,continuing,No StepBack,No StepBack
791,713,KKDA DN,15:22,KKDA UP,16:02,DN,40,continuing,728,MUPR
185,718,PVGW DN,15:23,KKDA DN,16:25,DN,62,continuing,No StepBack,No StepBack
186,721,KKDA UP,15:24,PVGW UP,16:30,UP,66,continuing,No StepBack,No StepBack
616,710,MUPR,15:26,MUPR,15:44,DN,18,inducting,No StepBack,No StepBack
437,742,PVGW UP,15:28,PVGW DN,16:07,UP,39,continuing,No StepBack,No StepBack
792,728,KKDA DN,15:28,KKDA UP,16:08,DN,40,continuing,708,MUPR
188,738,PVGW DN,15:30,KKDA DN,16:32,DN,62,continuing,No StepBack,No StepBack
187,735,KKDA UP,15:30,PVGW UP,16:36,UP,66,continuing,No StepBack,No StepBack
617,716,MUPR,15:33,MUPR,15:50,DN,17,inducting,No StepBack,No StepBack
793,708,KKDA DN,15:34,KKDA UP,16:13,DN,39,continuing,707,MUPR
438,701,PVGW UP,15:34,PVGW DN,16:13,UP,39,continuing,No StepBack,No StepBack
189,717,KKDA UP,15:36,PVGW UP,16:42,UP,66,continuing,No StepBack,No StepBack
190,715,PVGW DN,15:37,KKDA DN,16:39,DN,62,continuing,No StepBack,No StepBack
618,722,MUPR,15:39,MUPR,15:57,DN,18,inducting,No StepBack,No StepBack
794,707,KKDA DN,15:40,KKDA UP,16:18,DN,38,continuing,731,MUPR
439,724,PVGW UP,15:41,PVGW DN,16:18,UP,37,continuing,No StepBack,No StepBack
192,705,PVGW DN,15:43,KKDA DN,16:45,DN,62,continuing,No StepBack,No StepBack
191,723,KKDA UP,15:43,PVGW UP,16:48,UP,65,continuing,No StepBack,No StepBack
619,710,MUPR,15:45,MUPR,16:01,DN,16,inducting,No StepBack,No StepBack
795,731,KKDA DN,15:47,KKDA UP,16:24,DN,37,continuing,704,MUPR
440,714,PVGW UP,15:47,PVGW DN,16:23,UP,36,continuing,No StepBack,No StepBack
193,740,PVGW DN,15:49,KKDA DN,16:51,DN,62,continuing,No StepBack,No StepBack
194,703,KKDA UP,15:50,PVGW UP,16:52,UP,62,continuing,No StepBack,No StepBack
620,716,MUPR,15:52,MUPR,16:07,DN,15,inducting,No StepBack,No StepBack
441,727,PVGW UP,15:53,PVGW DN,16:28,UP,35,continuing,No StepBack,No StepBack
796,704,KKDA DN,15:53,KKDA UP,16:30,DN,37,continuing,733,MUPR
195,706,PVGW DN,15:55,KKDA DN,16:57,DN,62,continuing,No StepBack,No StepBack
196,713,KKDA UP,15:56,PVGW UP,16:58,UP,62,continuing,No StepBack,No StepBack
621,722,MUPR,15:58,MUPR,16:13,DN,15,inducting,No StepBack,No StepBack
797,733,KKDA DN,15:59,KKDA UP,16:36,DN,37,continuing,702,MUPR
442,719,PVGW UP,15:59,PVGW DN,16:33,UP,34,continuing,No StepBack,No StepBack
197,726,PVGW DN,16:01,KKDA DN,17:03,DN,62,continuing,No StepBack,No StepBack
198,728,KKDA UP,16:02,PVGW UP,17:04,UP,62,continuing,No StepBack,No StepBack
622,710,MUPR,16:03,MUPR,16:19,DN,16,inducting,No StepBack,No StepBack
443,743,MKPD,16:04,PVGW DN,16:38,DN,34,inducting,No StepBack,No StepBack
798,702,KKDA DN,16:05,KKDA UP,16:42,DN,37,continuing,736,MUPR
444,729,PVGW UP,16:05,PVGW DN,16:43,UP,38,continuing,No StepBack,No StepBack
199,742,PVGW DN,16:07,KKDA DN,17:09,DN,62,continuing,No StepBack,No StepBack
200,708,KKDA UP,16:08,PVGW UP,17:10,UP,62,continuing,No StepBack,No StepBack
623,716,MUPR,16:09,MUPR,16:24,DN,15,inducting,No StepBack,No StepBack
799,736,KKDA DN,16:11,KKDA UP,16:48,DN,37,continuing,712,MUPR
445,730,PVGW UP,16:11,PVGW DN,16:48,UP,37,continuing,No StepBack,No StepBack
202,701,PVGW DN,16:13,KKDA DN,17:15,DN,62,continuing,No StepBack,No StepBack
201,707,KKDA UP,16:13,PVGW UP,17:15,UP,62,continuing,No StepBack,No StepBack
900,744,VND,16:13,PVGW UP,17:28,UP,75,inducting,No StepBack,No StepBack
624,722,MUPR,16:14,MUPR,16:30,DN,16,inducting,No StepBack,No StepBack
800,712,KKDA DN,16:17,KKDA UP,16:53,DN,36,continuing,737,MUPR
801,737,KKDA DN,16:18,KKDA UP,16:58,DN,40,continuing,718,MUPR
203,724,PVGW DN,16:18,KKDA DN,17:20,DN,62,continuing,No StepBack,No StepBack
204,731,KKDA UP,16:18,PVGW UP,17:20,UP,62,continuing,No StepBack,No StepBack
446,720,PVGW UP,16:18,PVGW DN,16:53,UP,35,continuing,No StepBack,No StepBack
625,710,MUPR,16:20,MUPR,16:35,DN,15,inducting,No StepBack,No StepBack
205,714,PVGW DN,16:23,KKDA DN,17:25,DN,62,continuing,No StepBack,No StepBack
447,734,PVGW UP,16:24,PVGW DN,16:58,UP,34,continuing,No StepBack,No StepBack
206,704,KKDA UP,16:24,PVGW UP,17:26,UP,62,continuing,No StepBack,No StepBack
802,718,KKDA DN,16:25,KKDA UP,17:03,DN,38,continuing,738,MUPR
626,716,MUPR,16:25,MUPR,16:41,DN,16,inducting,No StepBack,No StepBack
207,727,PVGW DN,16:28,KKDA DN,17:30,DN,62,continuing,No StepBack,No StepBack
208,733,KKDA UP,16:30,PVGW UP,17:32,UP,62,continuing,No StepBack,No StepBack
448,721,PVGW UP,16:30,PVGW DN,17:03,UP,33,continuing,No StepBack,No StepBack
627,722,MUPR,16:31,MUPR,16:46,DN,15,inducting,No StepBack,No StepBack
803,738,KKDA DN,16:32,KKDA UP,17:10,DN,38,continuing,715,MUPR
209,719,PVGW DN,16:33,KKDA DN,17:35,DN,62,continuing,No StepBack,No StepBack
449,745,MKPD,16:34,PVGW DN,17:08,DN,34,inducting,No StepBack,No StepBack
450,735,PVGW UP,16:36,PVGW DN,17:13,UP,37,continuing,No StepBack,No StepBack
210,702,KKDA UP,16:36,PVGW UP,17:38,UP,62,continuing,No StepBack,No StepBack
628,710,MUPR,16:36,MUPR,16:52,DN,16,inducting,No StepBack,No StepBack
211,743,PVGW DN,16:38,KKDA DN,17:40,DN,62,continuing,No StepBack,No StepBack
804,715,KKDA DN,16:39,KKDA UP,17:17,DN,38,continuing,705,MUPR
629,716,MUPR,16:42,MUPR,16:57,DN,15,inducting,No StepBack,No StepBack
212,736,KKDA UP,16:42,PVGW UP,17:44,UP,62,continuing,No StepBack,No StepBack
451,717,PVGW UP,16:42,PVGW DN,17:18,UP,36,continuing,No StepBack,No StepBack
213,729,PVGW DN,16:43,KKDA DN,17:45,DN,62,continuing,No StepBack,No StepBack
805,705,KKDA DN,16:45,KKDA UP,17:24,DN,39,continuing,740,MUPR
630,722,MUPR,16:47,MUPR,17:03,DN,16,inducting,No StepBack,No StepBack
214,730,PVGW DN,16:48,KKDA DN,17:50,DN,62,continuing,No StepBack,No StepBack
215,712,KKDA UP,16:48,PVGW UP,17:50,UP,62,continuing,No StepBack,No StepBack
452,723,PVGW UP,16:48,PVGW DN,17:23,UP,35,continuing,No StepBack,No StepBack
806,740,KKDA DN,16:51,KKDA UP,17:29,DN,38,continuing,706,MUPR
453,703,PVGW UP,16:52,PVGW DN,17:28,UP,36,continuing,No StepBack,No StepBack
216,737,KKDA UP,16:53,PVGW UP,17:55,UP,62,continuing,No StepBack,No StepBack
217,720,PVGW DN,16:53,KKDA DN,17:55,DN,62,continuing,No StepBack,No StepBack
631,710,MUPR,16:53,MUPR,17:08,DN,15,inducting,No StepBack,No StepBack
901,746,VND,16:53,PVGW UP,18:08,UP,75,inducting,No StepBack,No StepBack
807,706,KKDA DN,16:57,KKDA UP,17:34,DN,37,continuing,726,MUPR
218,718,KKDA UP,16:58,PVGW UP,18:00,UP,62,continuing,No StepBack,No StepBack
219,734,PVGW DN,16:58,KKDA DN,18:00,DN,62,continuing,No StepBack,No StepBack
454,713,PVGW UP,16:58,PVGW DN,17:33,UP,35,continuing,No StepBack,No StepBack
632,716,MUPR,16:58,MUPR,17:14,DN,16,inducting,No StepBack,No StepBack
808,726,KKDA DN,17:03,KKDA UP,17:39,DN,36,continuing,742,MUPR
220,721,PVGW DN,17:03,KKDA DN,18:05,DN,62,continuing,No StepBack,No StepBack
221,738,KKDA UP,17:03,PVGW UP,18:05,UP,62,continuing,No StepBack,No StepBack
633,722,MUPR,17:04,MUPR,17:19,DN,15,inducting,No StepBack,No StepBack
455,728,PVGW UP,17:04,PVGW DN,17:38,UP,34,continuing,No StepBack,No StepBack
222,745,PVGW DN,17:08,KKDA DN,18:10,DN,62,continuing,No StepBack,No StepBack
809,742,KKDA DN,17:09,KKDA UP,17:44,DN,35,continuing,701,MUPR
634,710,MUPR,17:09,MUPR,17:25,DN,16,inducting,No StepBack,No StepBack
456,708,PVGW UP,17:10,PVGW DN,17:43,UP,33,continuing,No StepBack,No StepBack
223,715,KKDA UP,17:10,PVGW UP,18:12,UP,62,continuing,No StepBack,No StepBack
224,735,PVGW DN,17:13,KKDA DN,18:15,DN,62,continuing,No StepBack,No StepBack
457,707,PVGW UP,17:15,PVGW DN,17:48,UP,33,continuing,No StepBack,No StepBack
635,716,MUPR,17:15,MUPR,17:30,DN,15,inducting,No StepBack,No StepBack
810,701,KKDA DN,17:15,KKDA UP,17:49,DN,34,continuing,724,MUPR
225,705,KKDA UP,17:17,PVGW UP,18:19,UP,62,continuing,No StepBack,No StepBack
226,717,PVGW DN,17:18,KKDA DN,18:20,DN,62,continuing,No StepBack,No StepBack
636,722,MUPR,17:20,MUPR,17:36,DN,16,inducting,No StepBack,No StepBack
811,724,KKDA DN,17:20,KKDA UP,17:54,DN,34,continuing,714,MUPR
458,731,PVGW UP,17:20,PVGW DN,17:53,UP,33,continuing,No StepBack,No StepBack
227,723,PVGW DN,17:23,KKDA DN,18:25,DN,62,continuing,No StepBack,No StepBack
228,740,KKDA UP,17:24,PVGW UP,18:26,UP,62,continuing,No StepBack,No StepBack
812,714,KKDA DN,17:25,KKDA UP,17:59,DN,34,continuing,727,MUPR
637,710,MUPR,17:26,MUPR,17:41,DN,15,inducting,No StepBack,No StepBack
459,704,PVGW UP,17:26,PVGW DN,17:58,UP,32,continuing,No StepBack,No StepBack
229,703,PVGW DN,17:28,KKDA DN,18:30,DN,62,continuing,No StepBack,No StepBack
460,744,PVGW UP,17:28,PVGW DN,18:03,UP,35,continuing,No StepBack,No StepBack
230,706,KKDA UP,17:29,PVGW UP,18:31,UP,62,continuing,No StepBack,No StepBack
813,727,KKDA DN,17:30,KKDA UP,18:04,DN,34,continuing,719,MUPR
638,716,MUPR,17:31,MUPR,17:47,DN,16,inducting,No StepBack,No StepBack
461,733,PVGW UP,17:32,PVGW DN,18:08,UP,36,continuing,No StepBack,No StepBack
231,713,PVGW DN,17:33,KKDA DN,18:35,DN,62,continuing,No StepBack,No StepBack
232,726,KKDA UP,17:34,PVGW UP,18:36,UP,62,continuing,No StepBack,No StepBack
814,719,KKDA DN,17:35,KKDA UP,18:09,DN,34,continuing,743,MUPR
639,722,MUPR,17:37,MUPR,17:52,DN,15,inducting,No StepBack,No StepBack
233,728,PVGW DN,17:38,KKDA DN,18:40,DN,62,continuing,No StepBack,No StepBack
462,702,PVGW UP,17:38,PVGW DN,18:13,UP,35,continuing,No StepBack,No StepBack
234,742,KKDA UP,17:39,PVGW UP,18:41,UP,62,continuing,No StepBack,No StepBack
815,743,KKDA DN,17:40,KKDA UP,18:14,DN,34,continuing,729,MUPR
640,710,MUPR,17:42,MUPR,17:58,DN,16,inducting,No StepBack,No StepBack
235,708,PVGW DN,17:43,KKDA DN,18:45,DN,62,continuing,No StepBack,No StepBack
463,736,PVGW UP,17:44,PVGW DN,18:18,UP,34,continuing,No StepBack,No StepBack
236,701,KKDA UP,17:44,PVGW UP,18:46,UP,62,continuing,No StepBack,No StepBack
816,729,KKDA DN,17:45,KKDA UP,18:19,DN,34,continuing,730,MUPR
237,707,PVGW DN,17:48,KKDA DN,18:50,DN,62,continuing,No StepBack,No StepBack
641,716,MUPR,17:48,MUPR,18:03,DN,15,inducting,No StepBack,No StepBack
238,724,KKDA UP,17:49,PVGW UP,18:51,UP,62,continuing,No StepBack,No StepBack
817,730,KKDA DN,17:50,KKDA UP,18:24,DN,34,continuing,720,MUPR
464,712,PVGW UP,17:50,PVGW DN,18:23,UP,33,continuing,No StepBack,No StepBack
642,722,MUPR,17:53,MUPR,18:09,DN,16,inducting,No StepBack,No StepBack
239,731,PVGW DN,17:53,KKDA DN,18:55,DN,62,continuing,No StepBack,No StepBack
240,714,KKDA UP,17:54,PVGW UP,18:56,UP,62,continuing,No StepBack,No StepBack
818,720,KKDA DN,17:55,KKDA UP,18:29,DN,34,continuing,734,MUPR
465,737,PVGW UP,17:55,PVGW DN,18:28,UP,33,continuing,No StepBack,No StepBack
241,704,PVGW DN,17:58,KKDA DN,19:00,DN,62,continuing,No StepBack,No StepBack
643,710,MUPR,17:59,MUPR,18:14,DN,15,inducting,No StepBack,No StepBack
242,727,KKDA UP,17:59,PVGW UP,19:01,UP,62,continuing,No StepBack,No StepBack
819,734,KKDA DN,18:00,KKDA UP,18:34,DN,34,continuing,721,MUPR
466,718,PVGW UP,18:00,PVGW DN,18:33,UP,33,continuing,No StepBack,No StepBack
243,744,PVGW DN,18:03,KKDA DN,19:05,DN,62,continuing,No StepBack,No StepBack
244,719,KKDA UP,18:04,PVGW UP,19:06,UP,62,continuing,No StepBack,No StepBack
644,716,MUPR,18:04,MUPR,18:20,DN,16,inducting,No StepBack,No StepBack
467,738,PVGW UP,18:05,PVGW DN,18:38,UP,33,continuing,No StepBack,No StepBack
820,721,KKDA DN,18:05,KKDA UP,18:39,DN,34,continuing,745,MUPR
468,746,PVGW UP,18:08,PVGW DN,18:43,UP,35,continuing,No StepBack,No StepBack
245,733,PVGW DN,18:08,KKDA DN,19:10,DN,62,continuing,No StepBack,No StepBack
246,743,KKDA UP,18:09,PVGW UP,19:11,UP,62,continuing,No StepBack,No StepBack
645,722,MUPR,18:10,MUPR,18:25,DN,15,inducting,No StepBack,No StepBack
821,745,KKDA DN,18:10,KKDA UP,18:44,DN,34,continuing,735,MUPR
469,715,PVGW UP,18:12,PVGW DN,18:48,UP,36,continuing,No StepBack,No StepBack
247,702,PVGW DN,18:13,KKDA DN,19:15,DN,62,continuing,No StepBack,No StepBack
248,729,KKDA UP,18:14,PVGW UP,19:16,UP,62,continuing,No StepBack,No StepBack
646,710,MUPR,18:15,MUPR,18:31,DN,16,inducting,No StepBack,No StepBack
822,735,KKDA DN,18:15,KKDA UP,18:49,DN,34,continuing,717,MUPR
249,736,PVGW DN,18:18,KKDA DN,19:20,DN,62,continuing,No StepBack,No StepBack
470,705,PVGW UP,18:19,PVGW DN,18:53,UP,34,continuing,No StepBack,No StepBack
250,730,KKDA UP,18:19,PVGW UP,19:21,UP,62,continuing,No StepBack,No StepBack
823,717,KKDA DN,18:20,KKDA UP,18:54,DN,34,continuing,723,MUPR
647,716,MUPR,18:21,MUPR,18:36,DN,15,inducting,No StepBack,No StepBack
251,712,PVGW DN,18:23,KKDA DN,19:25,DN,62,continuing,No StepBack,No StepBack
252,720,KKDA UP,18:24,PVGW UP,19:26,UP,62,continuing,No StepBack,No StepBack
824,723,KKDA DN,18:25,KKDA UP,18:59,DN,34,continuing,703,MUPR
648,722,MUPR,18:26,MUPR,18:42,DN,16,inducting,No StepBack,No StepBack
471,740,PVGW UP,18:26,PVGW DN,18:58,UP,32,continuing,No StepBack,No StepBack
253,737,PVGW DN,18:28,KKDA DN,19:30,DN,62,continuing,No StepBack,No StepBack
254,734,KKDA UP,18:29,PVGW UP,19:31,UP,62,continuing,No StepBack,No StepBack
825,703,KKDA DN,18:30,KKDA UP,19:04,DN,34,continuing,713,MUPR
472,706,PVGW UP,18:31,PVGW DN,19:03,UP,32,continuing,No StepBack,No StepBack
649,710,MUPR,18:32,MUPR,18:47,DN,15,inducting,No StepBack,No StepBack
255,718,PVGW DN,18:33,KKDA DN,19:35,DN,62,continuing,No StepBack,No StepBack
256,721,KKDA UP,18:34,PVGW UP,19:36,UP,62,continuing,No StepBack,No StepBack
826,713,KKDA DN,18:35,KKDA UP,19:09,DN,34,continuing,728,MUPR
473,726,PVGW UP,18:36,PVGW DN,19:08,UP,32,continuing,No StepBack,No StepBack
650,716,MUPR,18:37,MUPR,18:53,DN,16,inducting,No StepBack,No StepBack
257,738,PVGW DN,18:38,KKDA DN,19:40,DN,62,continuing,No StepBack,No StepBack
258,745,KKDA UP,18:39,PVGW UP,19:41,UP,62,continuing,No StepBack,No StepBack
827,728,KKDA DN,18:40,KKDA UP,19:14,DN,34,continuing,708,MUPR
474,742,PVGW UP,18:41,PVGW DN,19:13,UP,32,continuing,No StepBack,No StepBack
259,746,PVGW DN,18:43,KKDA DN,19:45,DN,62,continuing,No StepBack,No StepBack
651,722,MUPR,18:43,MUPR,18:58,DN,15,inducting,No StepBack,No StepBack
260,735,KKDA UP,18:44,PVGW UP,19:46,UP,62,continuing,No StepBack,No StepBack
828,708,KKDA DN,18:45,KKDA UP,19:19,DN,34,continuing,707,MUPR
475,701,PVGW UP,18:46,PVGW DN,19:18,UP,32,continuing,No StepBack,No StepBack
652,710,MUPR,18:48,MUPR,19:04,DN,16,inducting,No StepBack,No StepBack
261,715,PVGW DN,18:48,KKDA DN,19:50,DN,62,continuing,No StepBack,No StepBack
262,717,KKDA UP,18:49,PVGW UP,19:51,UP,62,continuing,No StepBack,No StepBack
829,707,KKDA DN,18:50,KKDA UP,19:24,DN,34,continuing,731,MUPR
476,724,PVGW UP,18:51,PVGW DN,19:23,UP,32,continuing,No StepBack,No StepBack
263,705,PVGW DN,18:53,KKDA DN,19:55,DN,62,continuing,No StepBack,No StepBack
653,716,MUPR,18:54,MUPR,19:09,DN,15,inducting,No StepBack,No StepBack
264,723,KKDA UP,18:54,PVGW UP,19:56,UP,62,continuing,No StepBack,No StepBack
830,731,KKDA DN,18:55,KKDA UP,19:29,DN,34,continuing,704,MUPR
477,714,PVGW UP,18:56,PVGW DN,19:28,UP,32,continuing,No StepBack,No StepBack
265,740,PVGW DN,18:58,KKDA DN,20:00,DN,62,continuing,No StepBack,No StepBack
266,703,KKDA UP,18:59,PVGW UP,20:01,UP,62,continuing,No StepBack,No StepBack
654,722,MUPR,18:59,MUPR,19:15,DN,16,inducting,No StepBack,No StepBack
831,704,KKDA DN,19:00,KKDA UP,19:34,DN,34,continuing,744,MUPR
478,727,PVGW UP,19:01,PVGW DN,19:33,UP,32,continuing,No StepBack,No StepBack
267,706,PVGW DN,19:03,KKDA DN,20:05,DN,62,continuing,No StepBack,No StepBack
268,713,KKDA UP,19:04,PVGW UP,20:06,UP,62,continuing,No StepBack,No StepBack
655,710,MUPR,19:05,MUPR,19:20,DN,15,inducting,No StepBack,No StepBack
832,744,KKDA DN,19:05,KKDA UP,19:39,DN,34,continuing,733,MUPR
479,719,PVGW UP,19:06,PVGW DN,19:38,UP,32,continuing,No StepBack,No StepBack
269,726,PVGW DN,19:08,KKDA DN,20:10,DN,62,continuing,No StepBack,No StepBack
270,728,KKDA UP,19:09,PVGW UP,20:11,UP,62,continuing,No StepBack,No StepBack
656,716,MUPR,19:10,MUPR,19:26,DN,16,inducting,No StepBack,No StepBack
833,733,KKDA DN,19:10,KKDA UP,19:44,DN,34,continuing,702,MUPR
480,743,PVGW UP,19:11,PVGW DN,19:43,UP,32,continuing,No StepBack,No StepBack
271,742,PVGW DN,19:13,KKDA DN,20:15,DN,62,continuing,No StepBack,No StepBack
272,708,KKDA UP,19:14,PVGW UP,20:16,UP,62,continuing,No StepBack,No StepBack
834,702,KKDA DN,19:15,KKDA UP,19:49,DN,34,continuing,736,MUPR
657,722,MUPR,19:16,MUPR,19:31,DN,15,inducting,No StepBack,No StepBack
481,729,PVGW UP,19:16,PVGW DN,19:48,UP,32,continuing,No StepBack,No StepBack
273,701,PVGW DN,19:18,KKDA DN,20:20,DN,62,continuing,No StepBack,No StepBack
274,707,KKDA UP,19:19,PVGW UP,20:21,UP,62,continuing,No StepBack,No StepBack
835,736,KKDA DN,19:20,KKDA UP,19:54,DN,34,continuing,712,MUPR
482,730,PVGW UP,19:21,PVGW DN,19:53,UP,32,continuing,No StepBack,No StepBack
658,710,MUPR,19:21,MUPR,19:37,DN,16,inducting,No StepBack,No StepBack
275,724,PVGW DN,19:23,KKDA DN,20:25,DN,62,continuing,No StepBack,No StepBack
276,731,KKDA UP,19:24,PVGW UP,20:26,UP,62,continuing,No StepBack,No StepBack
836,712,KKDA DN,19:25,KKDA UP,19:59,DN,34,continuing,737,MUPR
483,720,PVGW UP,19:26,PVGW DN,19:58,UP,32,continuing,No StepBack,No StepBack
659,716,MUPR,19:27,MUPR,19:42,DN,15,inducting,No StepBack,No StepBack
277,714,PVGW DN,19:28,KKDA DN,20:30,DN,62,continuing,No StepBack,No StepBack
278,704,KKDA UP,19:29,PVGW UP,20:31,UP,62,continuing,No StepBack,No StepBack
837,737,KKDA DN,19:30,KKDA UP,20:04,DN,34,continuing,718,MUPR
484,734,PVGW UP,19:31,PVGW DN,20:03,UP,32,continuing,No StepBack,No StepBack
660,722,MUPR,19:32,MUPR,19:50,DN,18,inducting,No StepBack,No StepBack
279,727,PVGW DN,19:33,KKDA DN,20:35,DN,62,continuing,No StepBack,No StepBack
280,744,KKDA UP,19:34,PVGW UP,20:36,UP,62,continuing,No StepBack,No StepBack
838,718,KKDA DN,19:35,KKDA UP,20:09,DN,34,continuing,738,MUPR
485,721,PVGW UP,19:36,PVGW DN,20:08,UP,32,continuing,No StepBack,No StepBack
281,719,PVGW DN,19:38,KKDA DN,20:40,DN,62,continuing,No StepBack,No StepBack
661,710,MUPR,19:39,MUPR,19:56,DN,17,inducting,No StepBack,No StepBack
282,733,KKDA UP,19:39,PVGW UP,20:41,UP,62,continuing,No StepBack,No StepBack
839,738,KKDA DN,19:40,KKDA UP,20:15,DN,35,continuing,746,MUPR
486,745,PVGW UP,19:41,PVGW DN,20:14,UP,33,continuing,No StepBack,No StepBack
283,743,PVGW DN,19:43,KKDA DN,20:45,DN,62,continuing,No StepBack,No StepBack
284,702,KKDA UP,19:44,PVGW UP,20:46,UP,62,continuing,No StepBack,No StepBack
662,716,MUPR,19:45,MUPR,20:03,DN,18,inducting,No StepBack,No StepBack
840,746,KKDA DN,19:45,KKDA UP,20:23,DN,38,continuing,715,MUPR
487,735,PVGW UP,19:46,PVGW DN,20:22,UP,36,continuing,No StepBack,No StepBack
285,729,PVGW DN,19:48,KKDA DN,20:50,DN,62,continuing,No StepBack,No StepBack
286,736,KKDA UP,19:49,PVGW UP,20:51,UP,62,continuing,No StepBack,No StepBack
841,715,KKDA DN,19:50,KKDA UP,20:28,DN,38,continuing,705,MUPR
663,722,MUPR,19:51,MUPR,20:09,DN,18,inducting,No StepBack,No StepBack
488,717,PVGW UP,19:51,PVGW DN,20:25,UP,34,continuing,No StepBack,No StepBack
287,730,PVGW DN,19:53,KKDA DN,20:55,DN,62,continuing,No StepBack,No StepBack
288,712,KKDA UP,19:54,PVGW UP,20:56,UP,62,continuing,No StepBack,No StepBack
842,705,KKDA DN,19:55,KKDA UP,20:33,DN,38,continuing,740,MUPR
489,723,PVGW UP,19:56,PVGW DN,20:33,UP,37,continuing,No StepBack,No StepBack
289,720,PVGW DN,19:58,KKDA DN,21:00,DN,62,continuing,No StepBack,No StepBack
664,710,MUPR,19:58,MUPR,20:15,DN,17,inducting,No StepBack,No StepBack
290,737,KKDA UP,19:59,PVGW UP,21:01,UP,62,continuing,No StepBack,No StepBack
843,740,KKDA DN,20:00,KKDA UP,20:38,DN,38,continuing,706,MUPR
490,703,PVGW UP,20:01,PVGW DN,20:41,UP,40,continuing,No StepBack,No StepBack
291,734,PVGW DN,20:03,KKDA DN,21:05,DN,62,continuing,No StepBack,No StepBack
292,718,KKDA UP,20:04,PVGW UP,21:06,UP,62,continuing,No StepBack,No StepBack
665,716,MUPR,20:04,MUPR,20:22,DN,18,inducting,No StepBack,No StepBack
844,706,KKDA DN,20:05,KKDA UP,20:43,DN,38,continuing,726,MUPR
491,713,PVGW UP,20:06,PVGW DN,20:45,UP,39,continuing,No StepBack,No StepBack
293,721,PVGW DN,20:08,KKDA DN,21:10,DN,62,continuing,No StepBack,No StepBack
294,738,KKDA UP,20:09,PVGW UP,21:11,UP,62,continuing,No StepBack,No StepBack
845,726,KKDA DN,20:10,KKDA UP,20:48,DN,38,continuing,742,MUPR
666,722,MUPR,20:10,MUPR,20:28,DN,18,inducting,No StepBack,No StepBack
492,728,PVGW UP,20:11,PVGW DN,20:50,UP,39,continuing,No StepBack,No StepBack
295,745,PVGW DN,20:14,KKDA DN,21:16,DN,62,continuing,No StepBack,No StepBack
846,742,KKDA DN,20:15,KKDA UP,20:53,DN,38,continuing,701,MUPR
296,746,KKDA UP,20:15,PVGW UP,21:21,UP,66,continuing,No StepBack,No StepBack
493,708,PVGW UP,20:16,PVGW DN,20:53,UP,37,continuing,No StepBack,No StepBack
667,710,MUPR,20:17,MUPR,20:34,DN,17,inducting,No StepBack,No StepBack
847,701,KKDA DN,20:20,KKDA UP,20:58,DN,38,continuing,724,MUPR
494,707,PVGW UP,20:21,PVGW DN,21:00,UP,39,continuing,No StepBack,No StepBack
902,735,PVGW DN,20:22,IPE,21:22,DN,60,stabling,No StepBack,No StepBack
297,715,KKDA UP,20:23,PVGW UP,21:29,UP,66,continuing,No StepBack,No StepBack
668,716,MUPR,20:23,MUPR,20:41,DN,18,inducting,No StepBack,No StepBack
298,717,PVGW DN,20:25,KKDA DN,21:32,DN,67,continuing,No StepBack,No StepBack
848,724,KKDA DN,20:25,KKDA UP,21:03,DN,38,continuing,714,MUPR
495,731,PVGW UP,20:26,PVGW DN,21:05,UP,39,continuing,No StepBack,No StepBack
299,705,KKDA UP,20:28,PVGW UP,21:34,UP,66,continuing,No StepBack,No StepBack
669,722,MUPR,20:29,MUPR,20:47,DN,18,inducting,No StepBack,No StepBack
849,714,KKDA DN,20:30,KKDA UP,21:08,DN,38,continuing,727,MUPR
496,704,PVGW UP,20:31,PVGW DN,21:08,UP,37,continuing,No StepBack,No StepBack
301,740,KKDA UP,20:33,PVGW UP,21:38,UP,65,continuing,No StepBack,No StepBack
300,723,PVGW DN,20:33,KKDA DN,21:40,DN,67,continuing,No StepBack,No StepBack
850,727,KKDA DN,20:35,KKDA UP,21:13,DN,38,continuing,719,MUPR
670,710,MUPR,20:36,MUPR,20:53,DN,17,inducting,No StepBack,No StepBack
497,744,PVGW UP,20:36,PVGW DN,21:12,UP,36,continuing,No StepBack,No StepBack
302,706,KKDA UP,20:38,PVGW UP,21:43,UP,65,continuing,No StepBack,No StepBack
851,719,KKDA DN,20:40,KKDA UP,21:18,DN,38,continuing,743,MUPR
903,703,PVGW DN,20:41,IPE,21:41,DN,60,stabling,No StepBack,No StepBack
498,733,PVGW UP,20:41,PVGW DN,21:15,UP,34,continuing,No StepBack,No StepBack
671,716,MUPR,20:42,MUPR,21:00,DN,18,inducting,No StepBack,No StepBack
303,726,KKDA UP,20:43,PVGW UP,21:48,UP,65,continuing,No StepBack,No StepBack
852,743,KKDA DN,20:45,MUPR DN SDG,21:24,DN,39,stabling,729,MUPR
304,713,PVGW DN,20:45,KKDA DN,21:52,DN,67,continuing,No StepBack,No StepBack
499,702,PVGW UP,20:46,PVGW DN,21:25,UP,39,continuing,No StepBack,No StepBack
305,742,KKDA UP,20:48,PVGW UP,21:53,UP,65,continuing,No StepBack,No StepBack
672,722,MUPR,20:48,MUPR,21:06,DN,18,inducting,No StepBack,No StepBack
853,729,KKDA DN,20:50,KKDA UP,21:22,DN,32,continuing,722,MUPR
306,728,PVGW DN,20:50,KKDA DN,21:57,DN,67,continuing,No StepBack,No StepBack
500,736,PVGW UP,20:51,PVGW DN,21:30,UP,39,continuing,No StepBack,No StepBack
307,701,KKDA UP,20:53,PVGW UP,21:58,UP,65,continuing,No StepBack,No StepBack
904,708,PVGW DN,20:53,IPE,21:53,DN,60,stabling,No StepBack,No StepBack
673,710,MUPR,20:55,MUPR,21:12,DN,17,inducting,No StepBack,No StepBack
854,730,KKDA DN,20:55,KKDA UP,21:28,DN,33,continuing,730,MUPR
501,712,PVGW UP,20:56,PVGW DN,21:35,UP,39,continuing,No StepBack,No StepBack
308,724,KKDA UP,20:58,PVGW UP,22:03,UP,65,continuing,No StepBack,No StepBack
855,720,KKDA DN,21:00,KKDA UP,21:33,DN,33,continuing,720,MUPR
309,707,PVGW DN,21:00,KKDA DN,22:07,DN,67,continuing,No StepBack,No StepBack
502,737,PVGW UP,21:01,MKPD ,21:35,UP,34,stabling,No StepBack,No StepBack
310,714,KKDA UP,21:03,PVGW UP,22:08,UP,65,continuing,No StepBack,No StepBack
856,734,KKDA DN,21:05,KKDA UP,21:38,DN,33,continuing,734,MUPR
674,716,MUPR,21:05,MUPR,21:22,DN,17,inducting,No StepBack,No StepBack
311,731,PVGW DN,21:05,KKDA DN,22:12,DN,67,continuing,No StepBack,No StepBack
503,718,PVGW UP,21:06,PVGW DN,21:45,UP,39,continuing,No StepBack,No StepBack
906,727,KKDA UP,21:08,IPE,21:15,UP,7,stabling,No StepBack,No StepBack
905,704,PVGW DN,21:08,IPE,22:08,DN,60,stabling,No StepBack,No StepBack
857,721,KKDA DN,21:10,KKDA UP,21:43,DN,33,continuing,721,MUPR
504,738,PVGW UP,21:11,MKPD ,21:45,UP,34,stabling,No StepBack,No StepBack
312,744,PVGW DN,21:12,KKDA DN,22:19,DN,67,continuing,No StepBack,No StepBack
313,719,KKDA UP,21:13,PVGW UP,22:18,UP,65,continuing,No StepBack,No StepBack
675,710,MUPR,21:15,MUPR,21:32,DN,17,inducting,No StepBack,No StepBack
907,727,IPE,21:15,VND,21:35,UP,20,inducting,No StepBack,No StepBack
314,733,PVGW DN,21:15,KKDA DN,22:22,DN,67,continuing,No StepBack,No StepBack
858,745,KKDA DN,21:16,KKDA UP,21:55,DN,39,continuing,745,MUPR
315,743,KKDA UP,21:18,PVGW UP,22:23,UP,65,continuing,No StepBack,No StepBack
505,746,PVGW UP,21:21,PVGW DN,22:00,UP,39,continuing,No StepBack,No StepBack
909,722,KKDA UP,21:22,IPE,21:29,UP,7,stabling,No StepBack,No StepBack
908,735,IPE,21:22,VND,21:42,UP,20,inducting,No StepBack,No StepBack
676,716,MUPR,21:25,MUPR,21:42,DN,17,inducting,No StepBack,No StepBack
316,702,PVGW DN,21:25,KKDA DN,22:32,DN,67,continuing,No StepBack,No StepBack
317,730,KKDA UP,21:28,PVGW UP,22:33,UP,65,continuing,No StepBack,No StepBack
506,715,PVGW UP,21:29,PVGW DN,22:15,UP,46,continuing,No StepBack,No StepBack
910,722,IPE,21:29,VND,21:49,UP,20,inducting,No StepBack,No StepBack
911,736,PVGW DN,21:30,DDSC,21:49,DN,19,stabling,No StepBack,No StepBack
859,717,KKDA DN,21:32,KKDA UP,22:10,DN,38,continuing,717,MUPR
318,720,KKDA UP,21:33,PVGW UP,22:38,UP,65,continuing,No StepBack,No StepBack
507,705,PVGW UP,21:34,MKPD ,22:08,UP,34,stabling,No StepBack,No StepBack
677,710,MUPR,21:35,MUPR,21:52,DN,17,inducting,No StepBack,No StepBack
319,712,PVGW DN,21:35,KKDA DN,22:42,DN,67,continuing,No StepBack,No StepBack
320,734,KKDA UP,21:38,PVGW UP,22:43,UP,65,continuing,No StepBack,No StepBack
912,740,PVGW UP,21:38,SAKP,21:41,UP,3,stabling,No StepBack,No StepBack
860,723,KKDA DN,21:40,KKDA UP,22:21,DN,41,continuing,723,MUPR
914,703,IPE,21:41,VND,22:01,UP,20,inducting,No StepBack,No StepBack
913,740,SAKP,21:41,SAKP 3RD,22:01,UP,20,inducting,No StepBack,No StepBack
321,721,KKDA UP,21:43,PVGW UP,22:48,UP,65,continuing,No StepBack,No StepBack
508,706,PVGW UP,21:43,MKPD ,22:18,UP,35,stabling,No StepBack,No StepBack
322,718,PVGW DN,21:45,KKDA DN,22:52,DN,67,continuing,No StepBack,No StepBack
678,716,MUPR,21:45,MUPR,22:02,DN,17,inducting,No StepBack,No StepBack
509,726,PVGW UP,21:48,PVGW DN,22:30,UP,42,continuing,No StepBack,No StepBack
915,736,DDSC,21:49,DDSC SDG,22:09,UP,20,inducting,No StepBack,No StepBack
861,713,KKDA DN,21:52,KKDA UP,22:26,DN,34,continuing,713,MUPR
916,708,IPE,21:53,VND,22:13,UP,20,inducting,No StepBack,No StepBack
510,742,PVGW UP,21:53,MKPD ,22:28,UP,35,stabling,No StepBack,No StepBack
323,745,KKDA UP,21:55,PVGW UP,23:01,UP,66,continuing,No StepBack,No StepBack
679,710,MUPR,21:55,MUPR,22:12,DN,17,inducting,No StepBack,No StepBack
862,728,KKDA DN,21:57,KKDA UP,22:36,DN,39,continuing,728,MUPR
511,701,PVGW UP,21:58,MKPD ,22:33,UP,35,stabling,No StepBack,No StepBack
324,746,PVGW DN,22:00,KKDA DN,23:07,DN,67,continuing,No StepBack,No StepBack
512,724,PVGW UP,22:03,PVGW DN,22:45,UP,42,continuing,No StepBack,No StepBack
680,716,MUPR,22:05,MUPR,22:21,DN,16,inducting,No StepBack,No StepBack
863,707,KKDA DN,22:07,KKDA UP,22:41,DN,34,continuing,707,MUPR
513,714,PVGW UP,22:08,MKPD ,22:43,UP,35,stabling,No StepBack,No StepBack
917,704,IPE,22:08,VND,22:28,UP,20,inducting,No StepBack,No StepBack
325,717,KKDA UP,22:10,PVGW UP,23:16,UP,66,continuing,No StepBack,No StepBack
864,731,KKDA DN,22:12,KKDA UP,22:52,DN,40,continuing,731,MUPR
681,710,MUPR,22:15,MUPR,22:36,DN,21,inducting,No StepBack,No StepBack
326,715,PVGW DN,22:15,KKDA DN,23:22,DN,67,continuing,No StepBack,No StepBack
514,719,PVGW UP,22:18,PVGW DN,23:00,UP,42,continuing,No StepBack,No StepBack
865,744,KKDA DN,22:19,KKDA UP,22:51,DN,32,continuing,710,MUPR
327,723,KKDA UP,22:21,PVGW UP,23:27,UP,66,continuing,No StepBack,No StepBack
866,733,KKDA DN,22:22,KKDA UP,22:53,DN,31,continuing,744,MUPR
515,743,PVGW UP,22:23,MKPD ,22:58,UP,35,stabling,No StepBack,No StepBack
918,713,KKDA UP,22:26,IPE,22:33,UP,7,stabling,No StepBack,No StepBack
328,726,PVGW DN,22:30,KKDA DN,23:37,DN,67,continuing,No StepBack,No StepBack
682,716,MUPR,22:30,MUPR,22:51,DN,21,inducting,No StepBack,No StepBack
867,702,KKDA DN,22:32,KKDA UP,23:07,DN,35,continuing,716,MUPR
919,713,IPE,22:33,VND,22:53,UP,20,inducting,No StepBack,No StepBack
516,730,PVGW UP,22:33,PVGW DN,23:15,UP,42,continuing,No StepBack,No StepBack
329,728,KKDA UP,22:36,PVGW UP,23:42,UP,66,continuing,No StepBack,No StepBack
683,733,MUPR,22:37,MUPR,23:06,DN,29,inducting,No StepBack,No StepBack
517,720,PVGW UP,22:38,MKPD ,23:13,UP,35,stabling,No StepBack,No StepBack
920,707,KKDA UP,22:41,IPE,22:48,UP,7,stabling,No StepBack,No StepBack
868,712,KKDA DN,22:42,KKDA UP,23:22,DN,40,continuing,733,MUPR
518,734,PVGW UP,22:43,MVPO DN,24:34,UP,111,stabling,No StepBack,No StepBack
330,724,PVGW DN,22:45,KKDA DN,23:52,DN,67,continuing,No StepBack,No StepBack
684,702,MUPR,22:47,VND,23:54,DN,67,inducting,No StepBack,No StepBack
921,707,IPE,22:48,VND,23:08,UP,20,inducting,No StepBack,No StepBack
519,721,PVGW UP,22:48,MKPD ,23:23,UP,35,stabling,No StepBack,No StepBack
922,710,KKDA UP,22:51,IPE,22:59,UP,8,stabling,No StepBack,No StepBack
331,731,KKDA UP,22:52,PVGW UP,23:58,UP,66,continuing,No StepBack,No StepBack
869,718,KKDA DN,22:52,MUPR DN,24:02,DN,70,stabling,746,MUPR
923,744,KKDA UP,22:53,IPE,23:00,UP,7,stabling,No StepBack,No StepBack
685,712,MUPR,22:57,VND,23:59,DN,62,inducting,No StepBack,No StepBack
924,710,IPE,22:59,VND,23:19,UP,20,inducting,No StepBack,No StepBack
332,719,PVGW DN,23:00,KKDA DN,24:07,DN,67,continuing,No StepBack,No StepBack
925,744,IPE,23:00,VND,23:20,UP,20,inducting,No StepBack,No StepBack
520,745,PVGW UP,23:01,DDSC DN,24:16,UP,75,stabling,No StepBack,No StepBack
333,716,KKDA UP,23:07,PVGW UP,24:13,UP,66,continuing,No StepBack,No StepBack
686,718,MUPR,23:07,IPE 3RD,24:09,DN,62,inducting,No StepBack,No StepBack
870,746,KKDA DN,23:07,MUPR 3RD SDG,24:46,DN,99,stabling,724,MUPR
334,730,PVGW DN,23:15,KKDA DN,24:22,DN,67,continuing,No StepBack,No StepBack
521,717,PVGW UP,23:16,MKPD ,23:50,UP,34,stabling,No StepBack,No StepBack
871,715,KKDA DN,23:22,MUPR 4TH,25:01,DN,99,stabling,719,MUPR
335,733,KKDA UP,23:22,PVGW UP,24:28,UP,66,continuing,No StepBack,No StepBack
687,746,MUPR,23:22,MUPR,23:42,DN,20,inducting,No StepBack,No StepBack
522,723,PVGW UP,23:27,MKPD ,24:01,UP,34,stabling,No StepBack,No StepBack
688,715,MUPR,23:37,VND,24:39,DN,62,inducting,No StepBack,No StepBack
930,726,KKDA DN,23:37,MUPR,23:52,DN,15,stabling,No StepBack,No StepBack
523,728,PVGW UP,23:42,MKPD ,24:16,UP,34,stabling,No StepBack,No StepBack
689,726,MUPR,23:52,VND,24:54,DN,62,inducting,No StepBack,No StepBack
931,724,KKDA DN,23:52,MUPR,24:07,DN,15,stabling,No StepBack,No StepBack
524,731,PVGW UP,23:58,MKPR DN,24:33,UP,35,stabling,No StepBack,No StepBack
690,724,MUPR,24:07,MUPR,24:26,DN,19,inducting,No StepBack,No StepBack
932,719,KKDA DN,24:07,MUPR,24:22,DN,15,stabling,No StepBack,No StepBack
525,716,PVGW UP,24:13,MKPD ,24:48,UP,35,stabling,No StepBack,No StepBack
691,719,MUPR,24:22,MUPR,24:41,DN,19,inducting,No StepBack,No StepBack
933,730,KKDA DN,24:22,MUPR,24:37,DN,15,stabling,No StepBack,No StepBack
526,733,PVGW UP,24:28,MKPR UP,25:03,UP,35,stabling,No StepBack,No StepBack
692,730,MUPR,24:37,SVVR DN,24:46,DN,9,inducting,No StepBack,No StepBack
